uniprot_id	rsid	protein_pos
A2RRD8	rs28462670	8
A6NFI3	rs2253869	156
A6NFI3	rs1474419	460
A6NFI3	rs2464876	995
A6NHJ4	rs1485898206	285
A6NHJ4	rs13064905	348
A6NHJ4	rs13087612	351
A6NHJ4	rs13065048	358
A6NHJ4	rs1808125	464
A6NHJ4	rs4955216	609
A6NK53	rs766444460	129
A6NK53	rs1233428	531
A6NK53	rs2884015	662
A8MQ14	rs1673082	267
A8MQ14	rs750617001	405
A8MQ14	rs768445115	861
B2RXF5	rs200434987	131
B2RXF5	rs34284721	134
B2RXF5	rs4983387	232
B4DU55	rs17078988	112
B4DU55	rs17078991	159
B4DX44	rs11976837	209
B7Z6K7	rs544337361	84
B7Z6K7	rs10412929	268
B7Z6K7	rs545083939	284
B7Z6K7	rs1002681164	287
B7Z6K7	rs547841366	310
B7Z6K7	rs1384167103	342
B7Z6K7	rs201682072	404
O14901	rs35927125	62
O14948	rs140366806	34
O14978	rs220379	310
O15015	rs749671	234
O15015	rs749670	327
O15015	rs35713203	921
O15015	rs7196726	1477
O15209	rs3130100	310
O43361	rs7246856	771
O75123	rs150073213	149
O75132	rs910799	420
O75437	rs61737180	410
O75626	rs2185379	74
O75820	rs17772514	602
O94983	rs16942615	903
O95231	rs2240892	42
O95365	rs3745985	177
O95780	rs7255165	65
O95780	rs17679334	450
O95863	rs4647959	93
O95863	rs4647958	118
O95947	rs56098093	162
P03372	rs1243016506	58
P03372	rs1356474609	434
P04198	rs750750877	426
P08047	rs3741651	480
P08235	rs5522	180
P08235	rs5525	499
P0CF97	rs2302469	2
P0CF97	rs11729955	344
P0CF97	rs4235380	443
P0CF97	rs1285496166	470
P0CG23	rs2243563	8
P0CG23	rs1806552	30
P0CG23	rs940873	56
P0CG23	rs11971880	212
P0CJ79	rs7255668	137
P0CJ79	rs6509702	249
P0CJ79	rs2870128	401
P0CJ79	rs55809029	533
P0CJ79	rs370907854	642
P10071	rs1048260302	1107
P10071	rs761143091	1116
P10071	rs35364414	1537
P10071	rs770587326	1560
P10072	rs3745765	513
P10072	rs3745764	628
P10075	rs1056148	180
P13682	rs2272044	2
P17017	rs760161139	44
P17017	rs12973901	274
P17019	rs547516	71
P17019	rs1781873	113
P17019	rs504280	130
P17027	rs2070832	28
P17027	rs72795864	144
P17028	rs2032729	220
P17032	rs117193245	70
P17035	rs13382164	179
P17035	rs10417163	465
P17035	rs8107444	524
P17036	rs11550034	102
P17039	rs1811	123
P17039	rs1345658	379
P17039	rs765746	400
P17097	rs1735169	188
P17098	rs260471	303
P17542	rs767980860	309
P21675	rs28382158	290
P22670	rs2305780	370
P28702	rs6531	384
P41162	rs2231856	234
P49716	rs765048834	261
P50549	rs9639168	100
P51522	rs1056185	96
P51522	rs113015820	290
P51522	rs78207921	293
P51522	rs75857698	293
P52738	rs710945	264
P52740	rs1465789	252
P52740	rs147275148	575
P52742	rs1469087	22
P52746	rs2230115	541
P52746	rs3770214	751
P52746	rs3770213	956
P52746	rs200757676	1569
P84022	rs35874463	170
Q02086	rs2228253	203
Q03164	rs7107305	1890
Q03164	rs2071702	2415
Q03923	rs146063134	378
Q03938	rs1555706096	365
Q03938	rs374696166	489
Q06416	rs542388560	2
Q08050	rs28990715	402
Q08050	rs2215292	546
Q08AN1	rs35582075	50
Q08ER8	rs6510057	55
Q08ER8	rs8100491	107
Q08ER8	rs1968090	246
Q08ER8	rs35238720	287
Q08ER8	rs10410649	573
Q0VGE8	rs12459008	80
Q0VGE8	rs8110062	417
Q12772	rs2228314	595
Q13106	rs2188736	182
Q13129	rs34141181	1685
Q13129	rs10889205	1784
Q13342	rs3820975	356
Q13342	rs4972945	512
Q13342	rs62192163	756
Q13342	rs4973308	797
Q13948	rs803064	464
Q13948	rs2230103	545
Q13950	rs749974335	78
Q14209	rs2075995	226
Q14588	rs2293587	16
Q14588	rs182005583	324
Q14592	rs2041109	299
Q14593	rs2017252	461
Q14653	rs7251	427
Q15361	rs8999	290
Q15361	rs3739915	360
Q15361	rs556386	755
Q15723	rs1397088980	506
Q15776	rs62401435	296
Q15935	rs12610412	3
Q15935	rs12609268	5
Q15935	rs4807371	70
Q15937	rs13292096	31
Q15937	rs4504745	51
Q15937	rs151218737	365
Q16534	rs1485495525	59
Q16534	rs1040249035	158
Q2VY69	rs8113249	546
Q2VY69	rs8113249	577
Q3KP31	rs117380840	234
Q3MIS6	rs146381631	507
Q4G112	rs3803752	473
Q52M93	rs45626541	231
Q5CZA5	rs2014572	68
Q5CZA5	rs3746231	81
Q5CZA5	rs10421632	195
Q5FWF6	rs6962772	77
Q5HYK9	rs3760849	260
Q5JPB2	rs183636700	537
Q5JPB2	rs56057707	890
Q5JPB2	rs55786258	1022
Q5JPB2	rs259956	1513
Q5SXM1	rs61740826	351
Q5T5D7	rs41268079	244
Q5VIY5	rs61732713	124
Q5VIY5	rs61729942	146
Q5VIY5	rs61729939	151
Q5VIY5	rs61747364	163
Q5VIY5	rs58239286	210
Q5VIY5	rs10420793	282
Q5VIY5	rs12462929	374
Q5VIY5	rs10419826	477
Q5VIY5	rs75548544	499
Q5VVJ2	rs17118103	200
Q5VVJ2	rs12139511	264
Q5VVJ2	rs232777	825
Q68DE3	rs75025102	1818
Q68EA5	rs117724451	56
Q68EA5	rs2288958	223
Q6DD87	rs4077285	378
Q6DD87	rs4077285	379
Q6IQ21	rs4923849	672
Q6IV72	rs1137432	435
Q6P280	rs2912444	131
Q6P3V2	rs4805206	627
Q6P9A1	rs2360543	110
Q6PDB4	rs14048	12
Q6PDB4	rs324125	150
Q6PDB4	rs8104808	198
Q6PDB4	rs8104812	202
Q6PDB4	rs75346003	406
Q6PDB4	rs76053634	406
Q6PDB4	rs55748277	471
Q6PK81	rs61731281	97
Q6PK81	rs55823456	99
Q6XYB7	rs145067241	36
Q6ZMW2	rs7870376	130
Q6ZMW2	rs4645656	165
Q6ZMW2	rs34763627	246
Q6ZMW2	rs75989782	491
Q6ZN06	rs2617667	62
Q6ZN06	rs35712939	146
Q6ZN06	rs3859494	192
Q6ZN06	rs10422163	439
Q6ZNH5	rs12609654	174
Q6ZR52	rs4621113	195
Q6ZSB9	rs2920217	320
Q6ZSB9	rs34293093	642
Q7Z398	rs10410631	291
Q7Z398	rs1548476	359
Q7Z7K2	rs6965332	324
Q7Z7L9	rs2044502	191
Q86TJ5	rs867168	190
Q86TJ5	rs867169	211
Q86UP8	rs2529320	500
Q86UP8	rs707395	601
Q86UP8	rs707394	605
Q86V15	rs771135657	1713
Q86V71	rs35782355	182
Q86V71	rs143458227	288
Q86V71	rs2562473	650
Q86YE8	rs3752365	186
Q86YE8	rs3752365	224
Q86YE8	rs776903031	551
Q8IVC4	rs7257872	301
Q8IVP9	rs141614487	243
Q8IWI9	rs2178004	716
Q8IWI9	rs17677811	1270
Q8IWI9	rs1918314	1296
Q8IWI9	rs17677991	1523
Q8IWI9	rs2695163	1969
Q8IWY8	rs3809482	104
Q8IWY8	rs3917221	199
Q8IWY8	rs35278805	836
Q8IX15	rs1055061	502
Q8IYN0	rs7246400	389
Q8IZ20	rs10794532	48
Q8IZ20	rs10794531	53
Q8IZ20	rs11247933	288
Q8IZC7	rs4808209	121
Q8IZC7	rs59327775	127
Q8N0Y2	rs61736532	107
Q8N7M2	rs2195980	314
Q8N7M2	rs957569	361
Q8N7M2	rs1061768	629
Q8N7M2	rs2356437	638
Q8N7M2	rs1061769	638
Q8N7M2	rs200500734	643
Q8N823	rs34846371	252
Q8N823	rs4085566	252
Q8N823	rs4085565	252
Q8N8Z8	rs799193	122
Q8N9Z0	rs2241586	131
Q8N9Z0	rs321937	216
Q8NB42	rs2385182	301
Q8NCK3	rs12354886	252
Q8NEA6	rs1398432795	294
Q8NEA6	rs6415788	301
Q8NEK5	rs17856896	58
Q8NEM1	rs10243954	523
Q8NHY6	rs34136271	141
Q8TAU3	rs3826671	173
Q8TAU3	rs145569539	189
Q8TAU3	rs3745133	316
Q8TAU3	rs10416584	495
Q8TAW3	rs3746207	149
Q8TB69	rs749083016	128
Q8TB69	rs8094412	229
Q8TB69	rs61730995	257
Q8TB69	rs1293941808	279
Q8TB69	rs759250910	505
Q8TB69	rs61609068	508
Q8TD23	rs11671053	197
Q8TF20	rs72501950	130
Q8TF20	rs61793704	718
Q8TF39	rs748174222	315
Q8TF47	rs61746929	114
Q8TF47	rs1177648	439
Q8WV37	rs13343641	177
Q8WXB4	rs11673029	141
Q92731	rs1441404806	379
Q969W8	rs2967532	126
Q96BV0	rs13225910	428
Q96C28	rs6987308	96
Q96GC6	rs7256349	147
Q96GE5	rs12974755	142
Q96IR2	rs55874600	807
Q96JL9	rs3764626	537
Q96K58	rs8046978	447
Q96LW9	rs853678	50
Q96LW9	rs853684	205
Q96LW9	rs753760721	346
Q96MU6	rs28417933	164
Q96MU6	rs117690401	171
Q96MU6	rs7201172	249
Q96MU6	rs4785626	278
Q96MU6	rs373485667	350
Q96MU6	rs74033443	422
Q96MU6	rs28415940	534
Q96MU6	rs9921361	553
Q96MU6	rs60437616	639
Q96MU6	rs118093429	673
Q96MX3	rs61978578	130
Q96N20	rs17611866	84
Q96N38	rs2884554	331
Q96N58	rs1287602894	28
Q96N58	rs558534117	40
Q96N58	rs201289789	44
Q96NJ3	rs12610859	536
Q96NJ3	rs1836280	570
Q96PQ6	rs9305035	550
Q96SE7	rs2195310	264
Q96SQ5	rs201869821	322
Q96SQ5	rs77577775	329
Q96SQ7	rs749669556	99
Q96SR6	rs3108171	168
Q9BQA5	rs562905964	271
Q9BQA5	rs512703	478
Q9BQA5	rs100803	493
Q9BU19	rs13313088	230
Q9BZE0	rs1253451252	521
Q9C0F3	rs2849028	314
Q9C0G0	rs7227263	512
Q9C0G0	rs948615	972
Q9C0G0	rs12327359	1503
Q9GZX5	rs2278420	66
Q9GZX5	rs4988334	236
Q9GZX5	rs2278415	501
Q9H4Z2	rs6032606	294
Q9H4Z2	rs16990964	541
Q9H5H4	rs10871453	181
Q9H8N7	rs75444725	465
Q9HBZ2	rs4072568	679
Q9HCG1	rs8105668	82
Q9HCG1	rs78382850	576
Q9HCX3	rs34411126	548
Q9NQV6	rs2241571	573
Q9NR83	rs8957	233
Q9NRE2	rs739869	113
Q9NUA8	rs6659222	225
Q9NUA8	rs209729	595
Q9NUA8	rs45502998	1237
Q9NV72	rs162832	70
Q9NV72	rs366793	182
Q9NV72	rs373554	337
Q9NV72	rs3745102	495
Q9NZI7	rs3736563	109
Q9NZL3	rs2068061	118
Q9NZL3	rs4239529	162
Q9NZL3	rs7508149	251
Q9NZL3	rs4508518	369
Q9NZL3	rs3746319	640
Q9P243	rs12541381	102
Q9P243	rs142331855	546
Q9UDV7	rs10255054	473
Q9UDV7	rs11547158	670
Q9UH92	rs665268	223
Q9UJL9	rs2272994	115
Q9UJL9	rs142239725	438
Q9UJW7	rs1434579	662
Q9UJW7	rs55700709	812
Q9UJW8	rs2571108	41
Q9UJW8	rs2253563	89
Q9UJW8	rs1897820	272
Q9UJW8	rs116970833	278
Q9UJW8	rs2020083	391
Q9UK11	rs3826941	74
Q9UK11	rs6509138	138
Q9UK11	rs4433920	391
Q9UL58	rs11041108	119
Q9UL58	rs1338891365	182
Q9UL58	rs1233105746	494
Q9ULM2	rs3745651	296
Q9UPW0	rs343376	162
Q9Y2Q1	rs749176748	355
Q9Y2Q1	rs758809860	358
Q9Y5A6	rs11558476	20
Q9Y6Q3	rs2282076	7
