symbol	rsid	Domain
ATF6	rs1058405	TOPO_DOM|Cytoplasmic; REGION|Transcription activation
IRF3	rs7251	REGION|Mediates interaction with ZDHHC11
RFX1	rs2305780	REGION|Disordered
RXRB	rs6531	DOMAIN|NR LBD
SP1	rs3741651	REGION|Transactivation domain B (Gln-rich)
SP140	rs62192163	DOMAIN|Bromo
SREBF2	rs2228314	TOPO_DOM|Cytoplasmic
TP53	rs1042522	REGION|Interaction with CCAR2; REGION|Interaction with HRMT1L2; REGION|Disordered; REGION|Interaction with WWOX
TTF1	rs556386	REGION|May be involved in interaction with ARF
ZBTB42	rs4983387	REGION|Disordered
ZNF135	rs1469087	DOMAIN|KRAB
ZNF14	rs760161139	DOMAIN|KRAB
ZNF142	rs3770214	REGION|Disordered
ZNF142	rs3770213	REGION|Disordered
ZNF180	rs2253563	DOMAIN|KRAB
ZNF223	rs3826941	DOMAIN|KRAB
ZNF223	rs4433920	ZN_FING|C2H2-type 8
ZNF23	rs2070832	DOMAIN|KRAB
ZNF28	rs8107444	ZN_FING|C2H2-type 12
ZNF283	rs957569	ZN_FING|C2H2-type 6
ZNF284	rs8113249	ZN_FING|C2H2-type 15; degenerate
ZNF30	rs1811	ZN_FING|C2H2-type 1; degenerate
ZNF320	rs28462670	DOMAIN|KRAB
ZNF347	rs2195310	ZN_FING|C2H2-type 1; degenerate
ZNF350	rs4988334	ZN_FING|C2H2-type 2
ZNF37A	rs117193245	DOMAIN|KRAB
ZNF382	rs3108171	REGION|Represses transcription
ZNF407	rs12327359	ZN_FING|C2H2-type 13
ZNF417	rs10416584	ZN_FING|C2H2-type 11
ZNF425	rs1137432	ZN_FING|C2H2-type 8
ZNF436	rs2849028	ZN_FING|C2H2-type 7
ZNF460	rs2041109	ZN_FING|C2H2-type 4
ZNF468	rs10419826	ZN_FING|C2H2-type 10
ZNF470	rs4801177	ZN_FING|C2H2-type 7
ZNF490	rs3745651	ZN_FING|C2H2-type 5
ZNF497	rs12609654	ZN_FING|C2H2-type 3
ZNF543	rs6510057	DOMAIN|KRAB
ZNF543	rs1968090	ZN_FING|C2H2-type 2
ZNF550	rs10410631	ZN_FING|C2H2-type 4
ZNF550	rs1548476	ZN_FING|C2H2-type 6
ZNF568	rs547483	ZN_FING|C2H2-type 8
ZNF585A	rs4805206	ZN_FING|C2H2-type 17
ZNF585B	rs45626541	ZN_FING|C2H2-type 3
ZNF610	rs321937	ZN_FING|C2H2-type 1; degenerate
ZNF646	rs35713203	REGION|Disordered
ZNF701	rs373554	ZN_FING|C2H2-type 3
ZNF707	rs6987308	REGION|Disordered
ZNF708	rs547516	DOMAIN|KRAB
ZNF736	rs11976837	ZN_FING|C2H2-type 3
ZNF749	rs7246856	ZN_FING|C2H2-type 19; degenerate
ZNF77	rs4807371	DOMAIN|KRAB
ZNF778	rs28415940	ZN_FING|C2H2-type 12
ZNF778	rs9921361	ZN_FING|C2H2-type 12
ZNF778	rs60437616	ZN_FING|C2H2-type 15
ZNF787	rs4077285	REGION|Disordered
ZNF787	rs4077285	REGION|Disordered
ZNF789	rs6962772	DOMAIN|KRAB
ZNF79	rs4504745	DOMAIN|KRAB
ZNF805	rs2014572	DOMAIN|KRAB
ZNF805	rs3746231	DOMAIN|KRAB; REGION|Disordered
ZNF83	rs1056185	ZN_FING|C2H2-type 1; degenerate
ZNF83	rs113015820	ZN_FING|C2H2-type 8
ZNF831	rs55786258	REGION|Disordered
ZNF850	rs1673082	ZN_FING|C2H2-type 3; degenerate
ZNF875	rs3745764	ZN_FING|C2H2-type 12
ZNF888	rs6509702	ZN_FING|C2H2-type 2
ZNF888	rs2870128	ZN_FING|C2H2-type 7
