uniprot_id	rsid	protein_pos	Domain
Q13342	rs62192163	756	DOMAIN|Bromo
A2RRD8	rs28462670	8	DOMAIN|KRAB
Q15937	rs4504745	51	DOMAIN|KRAB
Q5CZA5	rs2014572	68	DOMAIN|KRAB
Q08ER8	rs6510057	55	DOMAIN|KRAB
Q5FWF6	rs6962772	77	DOMAIN|KRAB
P52742	rs1469087	22	DOMAIN|KRAB
P17027	rs2070832	28	DOMAIN|KRAB
P17019	rs547516	71	DOMAIN|KRAB
P17017	rs760161139	44	DOMAIN|KRAB
P17032	rs117193245	70	DOMAIN|KRAB
Q15935	rs4807371	70	DOMAIN|KRAB
Q9UK11	rs3826941	74	DOMAIN|KRAB
Q9UJW8	rs2253563	89	DOMAIN|KRAB
Q5CZA5	rs3746231	81	DOMAIN|KRAB; REGION|Disordered
P28702	rs6531	384	DOMAIN|NR LBD
Q6P9A1	rs2360543	110	NA
Q6P280	rs2912444	131	NA
Q5VVJ2	rs12139511	264	NA
Q9NV72	rs366793	182	NA
Q5SXM1	rs149318610	488	NA
Q9UKD1	rs311489	167	NA
Q9UJW8	rs2571108	41	NA
Q3ZCX4	rs1644634	642	NA
Q2VY69	rs8113249	577	NA
Q9UK11	rs6509138	138	NA
Q9UH92	rs665268	223	NA
Q6PDB4	rs75346003	406	NA
Q96NJ3	rs12610859	536	NA
Q7Z7L9	rs2044502	191	NA
Q96MX3	rs12921440	65	NA
Q96MU6	rs4785626	278	NA
Q8TF47	rs1177648	439	NA
Q8TAU3	rs3826671	173	NA
Q8NEM1	rs10243954	523	NA
Q9HCG1	rs8105668	82	NA
Q9NR83	rs8957	233	NA
Q8N9Z0	rs2241586	131	NA
Q8N8Z8	rs799193	122	NA
Q9NV72	rs162832	70	NA
Q8N7M2	rs1061769	638	NA
Q15937	rs13292096	31	NA
Q8N7M2	rs2356437	638	NA
Q8N7M2	rs2195980	314	NA
Q8IZC7	rs59327775	127	NA
Q9H8N7	rs75444725	465	NA
Q6PDB4	rs76053634	406	NA
Q5CZA5	rs10421632	195	NA
P17019	rs504280	130	NA
P17028	rs2032729	220	NA
P49716	rs765048834	261	NA
P17019	rs1781873	113	NA
P0CJ79	rs7255668	137	NA
P17035	rs10417163	465	NA
P52746	rs2230115	541	NA
O75132	rs910799	420	NA
B7Z6K7	rs201682072	404	NA
A6NFI3	rs2253869	156	NA
A6NK53	rs1233428	531	NA
Q08ER8	rs8100491	107	NA
P18848	rs4894	22	NA
O14978	rs220379	310	NA
Q6DD87	rs4077285	378	REGION|Disordered
Q6DD87	rs4077285	379	REGION|Disordered
O15015	rs35713203	921	REGION|Disordered
Q96C28	rs6987308	96	REGION|Disordered
B2RXF5	rs4983387	232	REGION|Disordered
Q5JPB2	rs55786258	1022	REGION|Disordered
P22670	rs2305780	370	REGION|Disordered
P52746	rs3770214	751	REGION|Disordered
P52746	rs3770213	956	REGION|Disordered
P04637	rs1042522	72	REGION|Interaction with CCAR2; REGION|Interaction with HRMT1L2; REGION|Disordered; REGION|Interaction with WWOX
Q15361	rs556386	755	REGION|May be involved in interaction with ARF
Q14653	rs7251	427	REGION|Mediates interaction with ZDHHC11
Q96SR6	rs3108171	168	REGION|Represses transcription
P08047	rs3741651	480	REGION|Transactivation domain B (Gln-rich)
Q12772	rs2228314	595	TOPO_DOM|Cytoplasmic
P18850	rs1058405	67	TOPO_DOM|Cytoplasmic; REGION|Transcription activation
Q5VIY5	rs10419826	477	ZN_FING|C2H2-type 10
Q8TAU3	rs10416584	495	ZN_FING|C2H2-type 11
P10072	rs3745764	628	ZN_FING|C2H2-type 12
P17035	rs8107444	524	ZN_FING|C2H2-type 12
Q96MU6	rs28415940	534	ZN_FING|C2H2-type 12
Q96MU6	rs9921361	553	ZN_FING|C2H2-type 12
Q9C0G0	rs12327359	1503	ZN_FING|C2H2-type 13
Q96MU6	rs60437616	639	ZN_FING|C2H2-type 15
Q2VY69	rs8113249	546	ZN_FING|C2H2-type 15; degenerate
Q6P3V2	rs4805206	627	ZN_FING|C2H2-type 17
O43361	rs7246856	771	ZN_FING|C2H2-type 19; degenerate
P51522	rs1056185	96	ZN_FING|C2H2-type 1; degenerate
Q8N9Z0	rs321937	216	ZN_FING|C2H2-type 1; degenerate
Q96SE7	rs2195310	264	ZN_FING|C2H2-type 1; degenerate
P17039	rs1811	123	ZN_FING|C2H2-type 1; degenerate
Q08ER8	rs1968090	246	ZN_FING|C2H2-type 2
P0CJ79	rs6509702	249	ZN_FING|C2H2-type 2
Q9GZX5	rs4988334	236	ZN_FING|C2H2-type 2
B4DX44	rs11976837	209	ZN_FING|C2H2-type 3
Q52M93	rs45626541	231	ZN_FING|C2H2-type 3
Q6ZNH5	rs12609654	174	ZN_FING|C2H2-type 3
Q9NV72	rs373554	337	ZN_FING|C2H2-type 3
A8MQ14	rs1673082	267	ZN_FING|C2H2-type 3; degenerate
Q14592	rs2041109	299	ZN_FING|C2H2-type 4
Q7Z398	rs10410631	291	ZN_FING|C2H2-type 4
Q9ULM2	rs3745651	296	ZN_FING|C2H2-type 5
Q7Z398	rs1548476	359	ZN_FING|C2H2-type 6
Q8N7M2	rs957569	361	ZN_FING|C2H2-type 6
Q6ECI4	rs4801177	418	ZN_FING|C2H2-type 7
P0CJ79	rs2870128	401	ZN_FING|C2H2-type 7
Q9C0F3	rs2849028	314	ZN_FING|C2H2-type 7
Q3ZCX4	rs547483	437	ZN_FING|C2H2-type 8
Q6IV72	rs1137432	435	ZN_FING|C2H2-type 8
Q9UK11	rs4433920	391	ZN_FING|C2H2-type 8
P51522	rs113015820	290	ZN_FING|C2H2-type 8
